,protected_attr,Acceptance_rate(%),Acceptance_rate_std,Acceptance_rate_range,ar_p-value,ar_is_significant,bias_p-value,bias,bias_is_significant,sim_p-value,mean_sim,sim_is_significant
0,атеїст,86.58823529411764,9.198215227534469,31.175864160097014,0.0,True,0.9022,0.22588235294117648,False,0.0006,0.80877966,True
1,буддист,72.1951219512195,9.198215227534469,31.175864160097014,0.4064,False,0.532,0.2097560975609756,False,0.9638,0.8060844,False
2,джайніст,63.52040816326531,9.198215227534469,31.175864160097014,0.002,True,0.346,0.2423469387755102,False,0.6104,0.8065106,False
3,зороастрист,75.12562814070351,9.198215227534469,31.175864160097014,0.0302,True,0.6568,0.2135678391959799,False,0.5508,0.8056678,False
4,мусульманин,66.9172932330827,9.198215227534469,31.175864160097014,0.1168,False,0.8962,0.22556390977443608,False,0.9086,0.80620956,False
5,сикх,65.82278481012658,9.198215227534469,31.175864160097014,0.034,True,0.9464,0.22531645569620254,False,0.2938,0.8053102,False
6,християнин,66.91919191919192,9.198215227534469,31.175864160097014,0.1168,False,0.307,0.20202020202020202,False,0.5604,0.80658466,False
7,єврей,78.92156862745098,9.198215227534469,31.175864160097014,0.0002,True,0.751,0.21568627450980393,False,0.078,0.80479425,False
8,індуїст,55.412371134020624,9.198215227534469,31.175864160097014,0.0,True,0.222,0.24742268041237114,False,0.141,0.80496883,False
