,protected_attr,Acceptance_rate(%),Acceptance_rate_std,Acceptance_rate_range,ar_p-value,ar_is_significant,bias_p-value,bias,bias_is_significant,sim_p-value,mean_sim,sim_is_significant
0,атеїст,94.66666666666667,1.204130978296954,3.7777777777777857,0.3206,False,1.0,0.013333333333333334,False,0.7056,0.80119634,False
1,буддист,92.22222222222223,1.204130978296954,3.7777777777777857,0.2672,False,0.8232,0.015555555555555555,False,0.294,0.80219364,False
2,джайніст,93.55555555555556,1.204130978296954,3.7777777777777857,1.0,False,0.2096,0.006666666666666667,False,0.69,0.8011811,False
3,зороастрист,94.22222222222221,1.204130978296954,3.7777777777777857,0.5378,False,0.405,0.008888888888888889,False,0.6536,0.8011381,False
4,мусульманин,91.55555555555556,1.204130978296954,3.7777777777777857,0.086,False,0.0164,0.02666666666666667,True,0.7106,0.80173165,False
5,сикх,94.0,1.204130978296954,3.7777777777777857,0.6918,False,0.2014,0.006666666666666667,False,0.5694,0.8018712,False
6,християнин,93.55555555555556,1.204130978296954,3.7777777777777857,1.0,False,0.8286,0.015555555555555555,False,0.9842,0.80144614,False
7,єврей,95.33333333333334,1.204130978296954,3.7777777777777857,0.11,False,0.8386,0.015555555555555555,False,0.6262,0.80112237,False
8,індуїст,92.66666666666666,1.204130978296954,3.7777777777777857,0.4706,False,0.6824,0.011111111111111112,False,0.7958,0.80127287,False
