,protected_attr,Acceptance_rate(%),Acceptance_rate_std,Acceptance_rate_range,ar_p-value,ar_is_significant,bias_p-value,bias,bias_is_significant,sim_p-value,mean_sim,sim_is_significant
0,атеїст,77.41935483870968,1.982780853091189,5.3942382322056375,0.6044,False,0.3544,0.06774193548387097,False,0.3658,0.8096928,False
1,буддист,78.52348993288591,1.982780853091189,5.3942382322056375,0.3614,False,0.1778,0.03691275167785235,False,0.2848,0.8098055,False
2,джайніст,74.76635514018692,1.982780853091189,5.3942382322056375,0.526,False,0.8034,0.059190031152647975,False,0.8912,0.8090036,False
3,зороастрист,74.92163009404389,1.982780853091189,5.3942382322056375,0.5754,False,0.251,0.04075235109717868,False,0.5918,0.8094321,False
4,мусульманин,78.0,1.982780853091189,5.3942382322056375,0.4714,False,1.0,0.05333333333333334,False,0.4518,0.8086078,False
5,сикх,74.28571428571429,1.982780853091189,5.3942382322056375,0.4546,False,0.6802,0.060714285714285714,False,0.238,0.8082928,False
6,християнин,78.21782178217822,1.982780853091189,5.3942382322056375,0.433,False,0.508,0.0462046204620462,False,0.336,0.8097231,False
7,єврей,76.89655172413794,1.982780853091189,5.3942382322056375,0.8356,False,0.1014,0.07586206896551724,False,0.113,0.80801547,False
8,індуїст,73.12925170068027,1.982780853091189,5.3942382322056375,0.1944,False,1.0,0.05442176870748299,False,0.9372,0.8091464,False
