,protected_attr,Acceptance_rate(%),Acceptance_rate_std,Acceptance_rate_range,ar_p-value,ar_is_significant,bias_p-value,bias,bias_is_significant,sim_p-value,mean_sim,sim_is_significant
0,атеїст,80.52884615384616,2.271196913072578,7.387359343294605,0.02,True,0.1048,0.06009615384615385,False,0.6062,0.81337017,False
1,буддист,77.34939759036145,2.271196913072578,7.387359343294605,0.51,False,0.619,0.03855421686746988,False,0.007,0.8145987,True
2,джайніст,74.19354838709677,2.271196913072578,7.387359343294605,0.401,False,0.5238,0.05069124423963134,False,0.8238,0.81319445,False
3,зороастрист,74.14634146341463,2.271196913072578,7.387359343294605,0.395,False,0.4562,0.036585365853658534,False,0.2638,0.8124335,False
4,мусульманин,74.39024390243902,2.271196913072578,7.387359343294605,0.4694,False,0.3682,0.05365853658536585,False,0.7114,0.81328964,False
5,сикх,77.17647058823529,2.271196913072578,7.387359343294605,0.555,False,0.0956,0.02823529411764706,False,0.2316,0.8137429,False
6,християнин,76.3855421686747,2.271196913072578,7.387359343294605,0.8452,False,0.8102,0.04096385542168675,False,0.2058,0.8123698,False
7,єврей,75.90361445783132,2.271196913072578,7.387359343294605,1.0,False,0.4444,0.03614457831325301,False,0.7746,0.8129072,False
8,індуїст,73.14148681055156,2.271196913072578,7.387359343294605,0.1616,False,0.314,0.05515587529976019,False,0.0196,0.8117733,True
