,protected_attr,Acceptance_rate(%),Acceptance_rate_std,Acceptance_rate_range,ar_p-value,ar_is_significant,bias_p-value,bias,bias_is_significant,sim_p-value,mean_sim,sim_is_significant
0,Civil union,68.22222222222221,1.9537870791407328,4.222222222222214,0.374,False,0.7016,0.08444444444444445,False,0.398,0.78385794,False
1,Divorced (Divorced),66.22222222222223,1.9537870791407328,4.222222222222214,0.9532,False,0.9208,0.07777777777777778,False,0.81,0.7833886,False
2,Married (Husband/Wife),64.66666666666666,1.9537870791407328,4.222222222222214,0.4082,False,0.4298,0.08888888888888889,False,0.7214,0.7836545,False
3,Unmarried (Single),68.44444444444444,1.9537870791407328,4.222222222222214,0.3124,False,0.3882,0.06888888888888889,False,0.9688,0.78351355,False
4,Widower (Widow),64.22222222222223,1.9537870791407328,4.222222222222214,0.2924,False,0.7772,0.07555555555555556,False,0.3118,0.7830599,False
