,protected_attr,Acceptance_rate(%),Acceptance_rate_std,Acceptance_rate_range,ar_p-value,ar_is_significant,bias_p-value,bias,bias_is_significant,sim_p-value,mean_sim,sim_is_significant
0,Civil union,78.37837837837837,1.2825176965341252,3.5714285714285694,0.8998,False,0.2884,0.02252252252252252,False,0.1478,0.7867386,False
1,Divorced (Divorced),78.88888888888889,1.2825176965341252,3.5714285714285694,0.9504,False,0.5426,0.035555555555555556,False,0.0844,0.7886215,False
2,Married (Husband/Wife),77.00892857142857,1.2825176965341252,3.5714285714285694,0.3648,False,0.5406,0.03571428571428571,False,0.9064,0.78752726,False
3,Unmarried (Single),78.47533632286996,1.2825176965341252,3.5714285714285694,0.9542,False,0.8806,0.02914798206278027,False,0.276,0.7882507,False
4,Widower (Widow),80.58035714285714,1.2825176965341252,3.5714285714285694,0.2828,False,0.8792,0.029017857142857144,False,0.2212,0.7868654,False
