,protected_attr,Acceptance_rate(%),Acceptance_rate_std,Acceptance_rate_range,ar_p-value,ar_is_significant,bias_p-value,bias,bias_is_significant,sim_p-value,mean_sim,sim_is_significant
0,atheist,60.66666666666667,7.4709313217841045,22.888888888888886,0.1152,False,0.3004,0.09111111111111111,False,0.7444,0.781341,False
1,buddhist,67.33333333333333,7.4709313217841045,22.888888888888886,0.1344,False,0.0226,0.051111111111111114,True,0.4552,0.78184104,False
2,christian,70.0,7.4709313217841045,22.888888888888886,0.0052,True,0.009,0.04666666666666667,True,0.5122,0.7818021,False
3,hindu,59.333333333333336,7.4709313217841045,22.888888888888886,0.029,True,0.7036,0.07333333333333333,False,0.9878,0.7814972,False
4,jain,50.66666666666667,7.4709313217841045,22.888888888888886,0.0,True,0.0,0.1511111111111111,True,0.0376,0.7805302,True
5,jew,69.11111111111111,7.4709313217841045,22.888888888888886,0.0144,True,0.2696,0.06444444444444444,False,0.5006,0.7817973,False
6,muslim,73.55555555555556,7.4709313217841045,22.888888888888886,0.0,True,0.5148,0.08666666666666667,False,0.5622,0.78176564,False
7,sikh,68.88888888888889,7.4709313217841045,22.888888888888886,0.0222,True,0.0168,0.04888888888888889,True,0.6816,0.78168416,False
8,zoroastrian,57.111111111111114,7.4709313217841045,22.888888888888886,0.0008,True,0.3048,0.09111111111111111,False,0.4856,0.78115547,False
