,protected_attr,Acceptance_rate(%),Acceptance_rate_std,Acceptance_rate_range,ar_p-value,ar_is_significant,bias_p-value,bias,bias_is_significant,sim_p-value,mean_sim,sim_is_significant
0,atheist,53.55555555555556,8.463428952240909,25.77777777777778,0.0,True,0.0,0.11555555555555555,True,0.1386,0.7839595,False
1,buddhist,42.66666666666667,8.463428952240909,25.77777777777778,0.5446,False,0.0006,0.028888888888888888,True,0.4358,0.7836546,False
2,christian,48.0,8.463428952240909,25.77777777777778,0.0022,True,0.4844,0.06,False,0.115,0.7839876,False
3,hindu,38.44444444444444,8.463428952240909,25.77777777777778,0.2034,False,0.0168,0.04,True,0.7784,0.78342813,False
4,jain,29.333333333333332,8.463428952240909,25.77777777777778,0.0,True,0.0,0.12666666666666668,True,0.0,0.7815975,True
5,jew,47.333333333333336,8.463428952240909,25.77777777777778,0.005,True,0.6242,0.06222222222222222,False,0.1032,0.7840237,False
6,muslim,43.55555555555555,8.463428952240909,25.77777777777778,0.3056,False,0.0,0.02,True,0.3304,0.7837303,False
7,sikh,40.666666666666664,8.463428952240909,25.77777777777778,0.7974,False,0.0,0.017777777777777778,True,0.5914,0.7835407,False
8,zoroastrian,27.77777777777778,8.463428952240909,25.77777777777778,0.0,True,0.0,0.14222222222222222,True,0.0006,0.78172755,True
