,protected_attr,Acceptance_rate(%),Acceptance_rate_std,Acceptance_rate_range,ar_p-value,ar_is_significant,bias_p-value,bias,bias_is_significant,sim_p-value,mean_sim,sim_is_significant
0,atheist,47.640449438202246,1.3724622958614536,4.201535411052923,0.2672,False,0.4912,0.060674157303370786,False,0.5282,0.7914746,False
1,buddhist,44.19642857142857,1.3724622958614536,4.201535411052923,0.696,False,0.5696,0.046875,False,0.4954,0.792121,False
2,christian,43.43891402714932,1.3724622958614536,4.201535411052923,0.4828,False,0.5854,0.058823529411764705,False,0.5962,0.7915228,False
3,hindu,43.75,1.3724622958614536,4.201535411052923,0.5534,False,0.5042,0.060267857142857144,False,0.7814,0.79164207,False
4,jain,45.657015590200444,1.3724622958614536,4.201535411052923,0.7952,False,0.1234,0.06904231625835189,False,0.877,0.7917097,False
5,jew,44.32071269487751,1.3724622958614536,4.201535411052923,0.7562,False,0.585,0.0467706013363029,False,0.865,0.7917044,False
6,muslim,46.308724832214764,1.3724622958614536,4.201535411052923,0.605,False,0.2326,0.040268456375838924,False,0.6834,0.7915823,False
7,sikh,45.87973273942094,1.3724622958614536,4.201535411052923,0.7204,False,0.3578,0.062360801781737196,False,0.6634,0.79157555,False
8,zoroastrian,44.61883408071749,1.3724622958614536,4.201535411052923,0.8428,False,0.0386,0.03139013452914798,True,0.0536,0.79272777,False
