,protected_attr,Acceptance_rate(%),Acceptance_rate_std,Acceptance_rate_range,ar_p-value,ar_is_significant,bias_p-value,bias,bias_is_significant,sim_p-value,mean_sim,sim_is_significant
0,atheist,53.11111111111111,4.1778040450973535,12.0,0.6496,False,0.1446,0.06222222222222222,False,0.172,0.78349257,False
1,buddhist,56.222222222222214,4.1778040450973535,12.0,0.0618,False,1.0,0.08,False,0.2988,0.78333837,False
2,christian,47.333333333333336,4.1778040450973535,12.0,0.03,True,0.7174,0.07555555555555556,False,0.8324,0.7827547,False
3,hindu,48.22222222222222,4.1778040450973535,12.0,0.0924,False,1.0,0.08,False,0.367,0.7824238,False
4,jain,50.66666666666667,4.1778040450973535,12.0,0.5526,False,0.584,0.07333333333333333,False,0.2508,0.78231514,False
5,jew,52.44444444444445,4.1778040450973535,12.0,0.8822,False,0.6426,0.08666666666666667,False,0.797,0.78272825,False
6,muslim,55.111111111111114,4.1778040450973535,12.0,0.1788,False,0.1984,0.06444444444444444,False,0.534,0.78255844,False
7,sikh,58.666666666666664,4.1778040450973535,12.0,0.004,True,0.6376,0.08666666666666667,False,0.9356,0.78288764,False
8,zoroastrian,46.666666666666664,4.1778040450973535,12.0,0.0146,True,0.0082,0.11333333333333333,True,0.516,0.7831622,False
