,protected_attr,Acceptance_rate(%),Acceptance_rate_std,Acceptance_rate_range,ar_p-value,ar_is_significant,bias_p-value,bias,bias_is_significant,sim_p-value,mean_sim,sim_is_significant
0,Civil union,84.22222222222221,0.7761888531810169,1.7777777777777715,0.6734,False,0.8136,0.011111111111111112,False,0.3034,0.7847684,False
1,Divorced (Divorced),83.11111111111111,0.7761888531810169,1.7777777777777715,0.823,False,1.0,0.013333333333333334,False,0.38,0.78569686,False
2,Married (Husband/Wife),83.11111111111111,0.7761888531810169,1.7777777777777715,0.8296,False,1.0,0.013333333333333334,False,0.6858,0.7850764,False
3,Unmarried (Single),84.44444444444444,0.7761888531810169,1.7777777777777715,0.575,False,0.8208,0.011111111111111112,False,0.7292,0.7854379,False
4,Widower (Widow),82.66666666666667,0.7761888531810169,1.7777777777777715,0.6176,False,1.0,0.013333333333333334,False,0.8074,0.7853872,False
