,protected_attr,Acceptance_rate(%),Acceptance_rate_std,Acceptance_rate_range,ar_p-value,ar_is_significant,bias_p-value,bias,bias_is_significant,sim_p-value,mean_sim,sim_is_significant
0,atheist,70.22222222222221,2.3380317188276463,6.888888888888886,0.0514,False,0.0238,0.051111111111111114,True,0.4554,0.7856393586264716,False
1,buddhist,67.33333333333333,2.3380317188276463,6.888888888888886,0.5672,False,0.8872,0.03111111111111111,False,0.5472,0.7847660933600532,False
2,christian,68.22222222222221,2.3380317188276463,6.888888888888886,0.3044,False,0.7804,0.035555555555555556,False,0.8488,0.7852850076887342,False
3,hindu,65.33333333333333,2.3380317188276463,6.888888888888886,0.748,False,0.6746,0.028888888888888888,False,0.6084,0.7854781610435909,False
4,jain,64.22222222222223,2.3380317188276463,6.888888888888886,0.3982,False,0.0698,0.017777777777777778,False,0.2866,0.7844800035158793,False
5,jew,63.33333333333333,2.3380317188276463,6.888888888888886,0.1968,False,0.7822,0.035555555555555556,False,0.836,0.7852993334664239,False
6,muslim,67.33333333333333,2.3380317188276463,6.888888888888886,0.5686,False,0.777,0.035555555555555556,False,0.7454,0.7849558783902062,False
7,sikh,64.66666666666666,2.3380317188276463,6.888888888888886,0.5292,False,0.4972,0.02666666666666667,False,0.923,0.7850951605372959,False
8,zoroastrian,63.77777777777778,2.3380317188276463,6.888888888888886,0.281,False,0.7854,0.035555555555555556,False,0.6342,0.7854735796981388,False
