,protected_attr,Acceptance_rate(%),Acceptance_rate_std,Acceptance_rate_range,ar_p-value,ar_is_significant,bias_p-value,bias,bias_is_significant,sim_p-value,mean_sim,sim_is_significant
0,atheist,88.44444444444444,2.111111111111108,6.666666666666657,0.23,False,0.8612,0.022222222222222223,False,0.4094,0.78550905,False
1,buddhist,85.77777777777777,2.111111111111108,6.666666666666657,0.6114,False,0.0686,0.008888888888888889,False,0.6952,0.78611046,False
2,christian,84.66666666666667,2.111111111111108,6.666666666666657,0.2106,False,0.4752,0.015555555555555555,False,0.6946,0.78573006,False
3,hindu,83.11111111111111,2.111111111111108,6.666666666666657,0.0244,True,0.022,0.035555555555555556,True,0.8664,0.7859981,False
4,jain,85.11111111111111,2.111111111111108,6.666666666666657,0.3366,False,0.1572,0.011111111111111112,False,0.6112,0.7861792,False
5,jew,89.77777777777777,2.111111111111108,6.666666666666657,0.0394,True,0.0274,0.035555555555555556,True,0.532,0.7862234,False
6,muslim,88.0,2.111111111111108,6.666666666666657,0.3798,False,0.3904,0.02666666666666667,False,0.6736,0.78613794,False
7,sikh,87.77777777777777,2.111111111111108,6.666666666666657,0.4646,False,0.4906,0.015555555555555555,False,0.88,0.7858435,False
8,zoroastrian,86.66666666666667,2.111111111111108,6.666666666666657,1.0,False,0.7276,0.017777777777777778,False,0.4606,0.7855638,False
