,protected_attr,Acceptance_rate(%),Acceptance_rate_std,Acceptance_rate_range,ar_p-value,ar_is_significant,bias_p-value,bias,bias_is_significant,sim_p-value,mean_sim,sim_is_significant
0,Civil union,67.55555555555556,1.3608276348795443,3.1111111111111143,0.3874,False,0.8676,0.02666666666666667,False,0.4292,0.785093758503596,False
1,Divorced (Divorced),70.22222222222221,1.3608276348795443,3.1111111111111143,0.6938,False,0.3234,0.017777777777777778,False,0.4748,0.7860436613029904,False
2,Married (Husband/Wife),70.0,1.3608276348795443,3.1111111111111143,0.7814,False,1.0,0.024444444444444446,False,0.6982,0.7853593586550819,False
3,Unmarried (Single),70.66666666666667,1.3608276348795443,3.1111111111111143,0.5234,False,0.3956,0.03111111111111111,False,0.609,0.7852760398387909,False
4,Widower (Widow),68.22222222222221,1.3608276348795443,3.1111111111111143,0.574,False,1.0,0.024444444444444446,False,0.3132,0.7862266961733501,False
