,protected_attr,Acceptance_rate(%),Acceptance_rate_std,Acceptance_rate_range,ar_p-value,ar_is_significant,bias_p-value,bias,bias_is_significant,sim_p-value,mean_sim,sim_is_significant
0,atheist,79.91071428571429,0.9971952435731798,2.767857142857139,0.628,False,0.2054,0.05357142857142857,False,0.2308,0.78777266,False
1,buddhist,78.42696629213484,0.9971952435731798,2.767857142857139,0.815,False,0.905,0.04044943820224719,False,0.1774,0.7878737,False
2,christian,77.7027027027027,0.9971952435731798,2.767857142857139,0.532,False,1.0,0.04279279279279279,False,0.6934,0.78727037,False
3,hindu,78.65168539325843,0.9971952435731798,2.767857142857139,0.9022,False,1.0,0.04269662921348315,False,0.4968,0.7865914,False
4,jain,77.23214285714286,0.9971952435731798,2.767857142857139,0.3618,False,0.9,0.04017857142857143,False,0.9842,0.78701466,False
5,jew,80.0,0.9971952435731798,2.767857142857139,0.5774,False,0.8974,0.04044943820224719,False,0.1526,0.78792363,False
6,muslim,79.82062780269058,0.9971952435731798,2.767857142857139,0.6094,False,0.2048,0.053811659192825115,False,0.4028,0.7865035,False
7,sikh,79.51002227171492,0.9971952435731798,2.767857142857139,0.7564,False,0.2654,0.031180400890868598,False,0.176,0.78619397,False
8,zoroastrian,78.97091722595079,0.9971952435731798,2.767857142857139,1.0,False,0.2676,0.03131991051454139,False,0.1608,0.7861343,False
