,protected_attr,Acceptance_rate(%),Acceptance_rate_std,Acceptance_rate_range,ar_p-value,ar_is_significant,bias_p-value,bias,bias_is_significant,sim_p-value,mean_sim,sim_is_significant
0,Civil union,50.0,3.6365768736580675,9.111111111111107,0.15,False,0.471,0.06444444444444444,False,0.088,0.7839628,False
1,Divorced (Divorced),40.88888888888889,3.6365768736580675,9.111111111111107,0.0042,True,0.0268,0.09777777777777778,True,0.7792,0.78331745,False
2,Married (Husband/Wife),46.666666666666664,3.6365768736580675,9.111111111111107,0.9152,False,0.6106,0.06666666666666667,False,0.7482,0.7833405,False
3,Unmarried (Single),49.333333333333336,3.6365768736580675,9.111111111111107,0.2758,False,0.6028,0.06666666666666667,False,0.253,0.78265816,False
4,Widower (Widow),48.0,3.6365768736580675,9.111111111111107,0.6324,False,0.9196,0.07111111111111111,False,0.2444,0.78268325,False
