,protected_attr,Acceptance_rate(%),Acceptance_rate_std,Acceptance_rate_range,ar_p-value,ar_is_significant,bias_p-value,bias,bias_is_significant,sim_p-value,mean_sim,sim_is_significant
0,atheist,61.77777777777778,2.320919958421588,6.473214285714292,0.2334,False,0.4884,0.16666666666666666,False,0.8302,0.79325557,False
1,buddhist,60.801781737193764,2.320919958421588,6.473214285714292,0.4912,False,0.9516,0.155902004454343,False,0.9136,0.79331326,False
2,christian,57.14285714285714,2.320919958421588,6.473214285714292,0.369,False,0.7912,0.14955357142857142,False,0.7298,0.79359245,False
3,hindu,56.69642857142857,2.320919958421588,6.473214285714292,0.2698,False,0.8868,0.15178571428571427,False,0.5466,0.7937316,False
4,jain,59.59821428571429,2.320919958421588,6.473214285714292,0.8786,False,0.3382,0.13839285714285715,False,0.1906,0.7926101,False
5,jew,58.70535714285714,2.320919958421588,6.473214285714292,0.847,False,0.4486,0.16741071428571427,False,0.738,0.79357475,False
6,muslim,57.58928571428571,2.320919958421588,6.473214285714292,0.4676,False,0.8964,0.15178571428571427,False,0.5852,0.79370946,False
7,sikh,63.16964285714286,2.320919958421588,6.473214285714292,0.0792,False,0.4032,0.140625,False,0.5248,0.79375887,False
8,zoroastrian,57.04697986577181,2.320919958421588,6.473214285714292,0.3574,False,0.367,0.17002237136465326,False,0.394,0.7928724,False
