,protected_attr,Acceptance_rate(%),Acceptance_rate_std,Acceptance_rate_range,ar_p-value,ar_is_significant,bias_p-value,bias,bias_is_significant,sim_p-value,mean_sim,sim_is_significant
0,atheist,67.33333333333333,2.7616817603418125,8.444444444444436,0.0756,False,0.563,0.11555555555555555,False,0.4096,0.7835018,False
1,buddhist,60.88888888888889,2.7616817603418125,8.444444444444436,0.2604,False,0.6804,0.11333333333333333,False,0.4638,0.7835498,False
2,christian,64.88888888888889,2.7616817603418125,8.444444444444436,0.5106,False,0.9386,0.10888888888888888,False,0.2626,0.7833654,False
3,hindu,63.33333333333333,2.7616817603418125,8.444444444444436,1.0,False,0.051,0.08,False,0.3654,0.7843268,False
4,jain,58.88888888888889,2.7616817603418125,8.444444444444436,0.0356,True,0.8058,0.1111111111111111,False,0.8004,0.7840076,False
5,jew,64.44444444444444,2.7616817603418125,8.444444444444436,0.656,False,0.9394,0.10888888888888888,False,0.778,0.78375965,False
6,muslim,63.77777777777778,2.7616817603418125,8.444444444444436,0.8792,False,0.7482,0.10222222222222223,False,0.7488,0.78404814,False
7,sikh,66.22222222222223,2.7616817603418125,8.444444444444436,0.1958,False,0.6306,0.1,False,0.2712,0.7844104,False
8,zoroastrian,60.66666666666667,2.7616817603418125,8.444444444444436,0.2078,False,0.1176,0.1288888888888889,False,0.7174,0.78406024,False
