,protected_attr,Acceptance_rate(%),Acceptance_rate_std,Acceptance_rate_range,ar_p-value,ar_is_significant,bias_p-value,bias,bias_is_significant,sim_p-value,mean_sim,sim_is_significant
0,атеїст,70.79037800687286,7.1034990154903,19.776864493359348,0.0,True,0.1108,0.10652920962199312,False,0.106,0.81009436,False
1,буддист,56.56565656565656,7.1034990154903,19.776864493359348,0.3538,False,0.0248,0.04713804713804714,True,0.8992,0.80904526,False
2,джайніст,59.67213114754099,7.1034990154903,19.776864493359348,0.86,False,1.0,0.08196721311475409,False,0.4502,0.80947375,False
3,зороастрист,52.51572327044025,7.1034990154903,19.776864493359348,0.011,True,0.022,0.11635220125786164,True,0.6628,0.80865633,False
4,мусульманин,67.11409395973155,7.1034990154903,19.776864493359348,0.0044,True,0.2256,0.10067114093959731,False,0.0718,0.80768627,False
5,сикх,63.758389261744966,7.1034990154903,19.776864493359348,0.0876,False,0.835,0.07718120805369127,False,0.0622,0.8103161,False
6,християнин,51.01351351351351,7.1034990154903,19.776864493359348,0.003,True,0.265,0.06418918918918919,False,0.2034,0.8080493,False
7,єврей,60.0,7.1034990154903,19.776864493359348,0.7916,False,0.2452,0.06296296296296296,False,0.3074,0.8081825,False
8,індуїст,51.048951048951054,7.1034990154903,19.776864493359348,0.0052,True,0.831,0.07692307692307693,False,0.9186,0.8090248,False
