,protected_attr,Acceptance_rate(%),Acceptance_rate_std,Acceptance_rate_range,ar_p-value,ar_is_significant,bias_p-value,bias,bias_is_significant,sim_p-value,mean_sim,sim_is_significant
0,atheist,36.303630363036305,5.620120416290801,18.91232601521022,0.0,True,0.0,0.30033003300330036,True,0.9786,0.7857132,False
1,buddhist,22.429906542056074,5.620120416290801,18.91232601521022,0.942,False,0.411,0.16510903426791276,False,0.1766,0.7866562,False
2,christian,23.1023102310231,5.620120416290801,18.91232601521022,0.8806,False,1.0,0.18151815181518152,False,0.0594,0.78435344,False
3,hindu,21.895424836601308,5.620120416290801,18.91232601521022,0.7756,False,0.8158,0.17647058823529413,False,0.3742,0.78505325,False
4,jain,17.391304347826086,5.620120416290801,18.91232601521022,0.0232,True,0.0456,0.14046822742474915,True,0.1378,0.7846233,False
5,jew,18.81188118811881,5.620120416290801,18.91232601521022,0.097,False,0.0244,0.1353135313531353,True,0.6844,0.78599685,False
6,muslim,24.025974025974026,5.620120416290801,18.91232601521022,0.5604,False,0.3126,0.20454545454545456,False,0.0238,0.7873224,True
7,sikh,22.0,5.620120416290801,18.91232601521022,0.8218,False,0.176,0.15333333333333332,False,0.0204,0.78737926,True
8,zoroastrian,18.095238095238095,5.620120416290801,18.91232601521022,0.047,True,0.9342,0.18412698412698414,False,0.027,0.7841268,True
