,protected_attr,Acceptance_rate(%),Acceptance_rate_std,Acceptance_rate_range,ar_p-value,ar_is_significant,bias_p-value,bias,bias_is_significant,sim_p-value,mean_sim,sim_is_significant
0,atheist,61.96868008948546,3.62553629924618,11.07181910293837,0.0042,True,0.1218,0.1029082774049217,False,0.724,0.7873421,False
1,buddhist,54.91071428571429,3.62553629924618,11.07181910293837,0.8054,False,0.196,0.06696428571428571,False,0.1812,0.7884907,False
2,christian,56.853932584269664,3.62553629924618,11.07181910293837,0.5754,False,0.0428,0.058426966292134834,True,0.9984,0.7875808,False
3,hindu,56.27802690582959,3.62553629924618,11.07181910293837,0.7652,False,0.6412,0.08968609865470852,False,0.8138,0.78773874,False
4,jain,50.89686098654709,3.62553629924618,11.07181910293837,0.0426,True,0.9252,0.08520179372197309,False,0.2818,0.7868535,False
5,jew,51.57657657657657,3.62553629924618,11.07181910293837,0.08,False,0.1674,0.10135135135135136,False,0.7352,0.78735906,False
6,muslim,59.59821428571429,3.62553629924618,11.07181910293837,0.067,False,0.2328,0.09821428571428571,False,0.862,0.78747433,False
7,sikh,54.80984340044742,3.62553629924618,11.07181910293837,0.7668,False,0.8552,0.08053691275167785,False,0.5096,0.7871332,False
8,zoroastrian,52.91479820627802,3.62553629924618,11.07181910293837,0.2474,False,0.2096,0.06726457399103139,False,0.3154,0.7882603,False
