,protected_attr,Acceptance_rate(%),Acceptance_rate_std,Acceptance_rate_range,ar_p-value,ar_is_significant,bias_p-value,bias,bias_is_significant,sim_p-value,mean_sim,sim_is_significant
0,Civil union,33.21678321678322,8.592195252654506,20.514442336074215,0.7748,False,0.2888,0.17832167832167833,False,0.8316,0.78749126,False
1,Divorced (Divorced),39.869281045751634,8.592195252654506,20.514442336074215,0.0146,True,0.577,0.1895424836601307,False,0.5014,0.78692627,False
2,Married (Husband/Wife),38.48684210526316,8.592195252654506,20.514442336074215,0.0722,False,0.8044,0.20723684210526316,False,0.595,0.78702176,False
3,Unmarried (Single),39.0625,8.592195252654506,20.514442336074215,0.0368,True,0.0712,0.2375,False,0.0274,0.78869,True
4,Widower (Widow),19.35483870967742,8.592195252654506,20.514442336074215,0.0,True,0.637,0.19032258064516128,False,0.2184,0.78658843,False
