,protected_attr,Acceptance_rate(%),Acceptance_rate_std,Acceptance_rate_range,ar_p-value,ar_is_significant,bias_p-value,bias,bias_is_significant,sim_p-value,mean_sim,sim_is_significant
0,Civil union,80.98434004474274,2.0150874263416982,4.644528415204817,0.8906,False,0.0736,0.06263982102908278,False,0.579,0.78702486,False
1,Divorced (Divorced),83.22147651006712,2.0150874263416982,4.644528415204817,0.2524,False,0.4946,0.07606263982102908,False,0.9778,0.78674555,False
2,Married (Husband/Wife),78.65168539325843,2.0150874263416982,4.644528415204817,0.1198,False,0.1296,0.10337078651685393,False,0.7234,0.7865369,False
3,Unmarried (Single),80.08948545861297,2.0150874263416982,4.644528415204817,0.4978,False,0.5054,0.07606263982102908,False,0.525,0.78639036,False
4,Widower (Widow),83.29621380846325,2.0150874263416982,4.644528415204817,0.225,False,0.0888,0.10467706013363029,False,0.6808,0.786954,False
