,protected_attr,Acceptance_rate(%),Acceptance_rate_std,Acceptance_rate_range,ar_p-value,ar_is_significant,bias_p-value,bias,bias_is_significant,sim_p-value,mean_sim,sim_is_significant
0,atheist,81.12359550561797,7.1701654208283045,21.52538121990368,0.0,True,0.946,0.16404494382022472,False,0.0,0.7870883,True
1,buddhist,61.03603603603604,7.1701654208283045,21.52538121990368,0.0016,True,0.2744,0.18468468468468469,False,0.8728,0.7842726,False
2,christian,59.64125560538116,7.1701654208283045,21.52538121990368,0.0002,True,0.0018,0.21748878923766815,True,0.0004,0.78209573,True
3,hindu,69.3002257336343,7.1701654208283045,21.52538121990368,0.4906,False,0.1398,0.1399548532731377,False,0.936,0.78412515,False
4,jain,59.59821428571429,7.1701654208283045,21.52538121990368,0.0,True,0.0502,0.19866071428571427,False,0.822,0.7840414,False
5,jew,73.21428571428571,7.1701654208283045,21.52538121990368,0.011,True,0.1098,0.13839285714285715,False,0.7494,0.78437465,False
6,muslim,72.35955056179775,7.1701654208283045,21.52538121990368,0.0306,True,0.0366,0.1303370786516854,True,0.1226,0.78325623,False
7,sikh,67.78523489932886,7.1701654208283045,21.52538121990368,1.0,False,0.6862,0.15883668903803133,False,0.7368,0.7839744,False
8,zoroastrian,66.44295302013423,7.1701654208283045,21.52538121990368,0.515,False,0.6926,0.15883668903803133,False,0.7808,0.7843369,False
